name,price
24hr Muscle Essentials," 20,90"
Clarinol® CLA,"
                                        
                             4,75                        "
Vitamine D3 - 3000 IU," 3,90"
L-Carnitine capsules," 12,90"
TRANSFORM (L-Carnitine Tartrate)," 9,90"
Acetyl L-Carnitine," 19,90"
Creatine - CreaPure® (best creatine worldwide)," 14,90"
ZMA," 11,90"
Grow!," 15,90"
Tribulus Max," 16,90"
Creatine Ultra," 15,90"
Leucine Pure," 9,90"
Citrulline Malaat," 8,90"
Beta Alanine Pure," 9,90"
24hr Men's Pack," 20,90"
Rhodiola Rosea," 8,90"
Maca Capsules," 11,90"
Magnificent," 20,90"
Cocktail," 41,90"
Perfect Post-Workout," 31,90"
Full Force,"
                                             31,90                                        
                             27,90                        "
Muscle Protect," 22,50"
Men's T-Cycle," 15,90"
Whey Perfection," 7,90"
Crazy Pre-Workout," 15,90"
Clean Gains," 46,90"
Professional Pack," 20,90"
Perfect Workout," 15,90"
Post Matrix,"
                                             15,90                                        
                             11,90                        "
Maximum Pre-Workout," 26,90"
BCAA Capsules," 11,90"
Sports Pancakes," 5,90"
D-Aspartic Acid," 9,90"
Spierenplan pakket - Vrouw,"
                                         47,40                                    
                                         34,90                                    "
Spierenplan pakket - man,"
                                         91,20                                    
                                         69,90                                    "
Power Stack,"
                                 61,60                            
                                 49,90                            "
Spierenplan pakket - cutten,"
                                 91,30                            
                                 59,90                            "
Spierenplan Bulken pakket,"
                                         82,40                                    
                                         59,90                                    "
Sports Pancakes voordeel,"
                                 15,70                            
                                 13,50                            "
Body & Fit® Muscle Deal,"
                                 71,60                            
                                 52,50                            "
Sports Breakfast," 20,90"
All You Need," 5,90"
HMB Pure Caps," 9,90"
