name,price
24hr Muscle Essentials," 20,90"
Ripped Pre-Workout," 13,90"
14 Day Killer Body," 26,90"
Micellar Casein Perfection," 12,90"
Clean Protein bars," 16,90"
Whey Perfection," 7,90"
Muscle Protect," 22,50"
Magnificent," 20,90"
BCAA Amino," 11,90"
Creatine - CreaPure® (best creatine worldwide)," 14,90"
ZMA," 11,90"
Perfect Post-Workout," 31,90"
Vitamine D3 - 3000 IU," 3,90"
Professional Pack," 20,90"
Cocktail," 41,90"
Grow!," 15,90"
Men's T-Cycle," 15,90"
Amino's & Energy," 13,90"
Post Matrix,"
                                             15,90                                        
                             11,90                        "
Perfect Workout," 15,90"
Creatine Ultra," 15,90"
24hr Men's Pack," 20,90"
Rhodiola Rosea," 8,90"
Maca Capsules," 11,90"
Men's Essentials," 20,90"
High Protein Meal," 7,90"
Full Force,"
                                             31,90                                        
                             27,90                        "
Crazy Pre-Workout," 15,90"
Clean Gains," 46,90"
Pro Bar," 12,90"
Maximum Pre-Workout," 26,90"
BCAA Capsules," 11,90"
D-Aspartic Acid," 9,90"
Spierenplan pakket - man,"
                                         91,20                                    
                                         69,90                                    "
Spierenplan Bulken pakket,"
                                         82,40                                    
                                         59,90                                    "
Body & Fit® Muscle Deal,"
                                 71,60                            
                                 52,50                            "
Sports Breakfast," 20,90"
Slim Drink," 4,90"
All You Need," 5,90"
HMB Pure Caps," 9,90"
